Date Time,Open,High,Low,Close,Volume,Adj Close
2024-05-28 09:15:00,835.7999877929688,836.4500122070312,835.0,836.3499755859375,0,836.3499755859375
2024-05-28 09:16:00,836.6500244140625,837.4500122070312,836.2999877929688,836.6500244140625,90044,836.6500244140625
2024-05-28 09:17:00,836.5,837.75,836.3499755859375,837.75,84495,837.75
2024-05-28 09:18:00,837.75,837.7999877929688,837.25,837.3499755859375,46809,837.3499755859375
2024-05-28 09:19:00,837.25,837.3499755859375,836.1500244140625,836.9000244140625,37425,836.9000244140625
2024-05-28 09:20:00,836.9000244140625,837.8499755859375,836.5499877929688,837.75,59374,837.75
2024-05-28 09:21:00,837.9000244140625,839.5,837.7999877929688,839.4500122070312,146711,839.4500122070312
2024-05-28 09:22:00,839.3499755859375,840.5,839.0499877929688,839.7999877929688,156934,839.7999877929688
2024-05-28 09:23:00,839.6500244140625,839.7999877929688,838.7999877929688,838.7999877929688,46598,838.7999877929688
2024-05-28 09:24:00,838.9500122070312,838.9500122070312,837.2000122070312,837.6500244140625,60367,837.6500244140625
2024-05-28 09:25:00,837.4500122070312,838.9500122070312,837.4000244140625,838.75,34568,838.75
2024-05-28 09:26:00,839.0,839.0999755859375,838.0499877929688,838.7999877929688,33614,838.7999877929688
2024-05-28 09:27:00,838.7999877929688,839.0999755859375,838.3499755859375,839.0999755859375,51423,839.0999755859375
2024-05-28 09:28:00,839.2000122070312,839.8499755859375,839.0,839.75,41617,839.75
2024-05-28 09:29:00,839.7000122070312,839.7999877929688,838.25,838.25,44048,838.25
2024-05-28 09:30:00,838.5,838.5499877929688,837.25,837.4000244140625,53552,837.4000244140625
2024-05-28 09:31:00,837.4000244140625,838.5499877929688,837.4000244140625,838.1500244140625,21572,838.1500244140625
2024-05-28 09:32:00,838.1500244140625,838.2000122070312,837.0999755859375,837.1500244140625,51356,837.1500244140625
2024-05-28 09:33:00,837.25,837.75,837.0499877929688,837.2000122070312,29288,837.2000122070312
2024-05-28 09:34:00,837.0499877929688,837.1500244140625,835.5999755859375,835.6500244140625,87750,835.6500244140625
2024-05-28 09:35:00,835.7999877929688,835.7999877929688,834.5,834.7000122070312,68748,834.7000122070312
2024-05-28 09:36:00,834.7999877929688,835.7999877929688,833.7000122070312,835.5999755859375,69667,835.5999755859375
2024-05-28 09:37:00,835.2000122070312,835.75,834.25,834.25,31722,834.25
2024-05-28 09:38:00,834.4500122070312,834.9000244140625,834.0,834.5999755859375,27305,834.5999755859375
2024-05-28 09:39:00,834.5999755859375,835.0999755859375,834.2000122070312,834.6500244140625,33255,834.6500244140625
2024-05-28 09:40:00,834.5999755859375,834.9500122070312,834.0,834.1500244140625,22042,834.1500244140625
2024-05-28 09:41:00,834.1500244140625,834.2000122070312,833.2999877929688,833.75,55680,833.75
2024-05-28 09:42:00,833.75,833.9000244140625,832.4000244140625,833.2999877929688,57980,833.2999877929688
2024-05-28 09:43:00,833.2999877929688,834.2999877929688,833.0499877929688,834.2000122070312,24101,834.2000122070312
2024-05-28 09:44:00,834.3499755859375,834.7999877929688,833.75,834.25,36748,834.25
2024-05-28 09:45:00,834.25,834.25,833.1500244140625,833.5999755859375,27444,833.5999755859375
2024-05-28 09:46:00,833.5,834.9000244140625,833.2999877929688,834.9000244140625,17676,834.9000244140625
2024-05-28 09:47:00,834.9000244140625,835.2000122070312,834.25,834.7999877929688,69646,834.7999877929688
2024-05-28 09:48:00,835.0,835.0,833.4000244140625,833.7000122070312,30687,833.7000122070312
2024-05-28 09:49:00,833.5,833.9500122070312,833.25,833.5999755859375,13911,833.5999755859375
2024-05-28 09:50:00,833.9000244140625,834.0,833.1500244140625,833.4500122070312,33427,833.4500122070312
2024-05-28 09:51:00,833.4500122070312,834.4000244140625,833.1500244140625,834.2000122070312,16498,834.2000122070312
2024-05-28 09:52:00,834.2999877929688,834.75,834.2000122070312,834.75,19175,834.75
2024-05-28 09:53:00,834.75,834.7999877929688,833.5499877929688,833.7999877929688,22802,833.7999877929688
2024-05-28 09:54:00,833.4000244140625,833.7999877929688,833.0999755859375,833.4500122070312,19168,833.4500122070312
2024-05-28 09:55:00,833.2999877929688,833.4000244140625,833.0,833.2999877929688,32182,833.2999877929688
2024-05-28 09:56:00,833.2000122070312,833.3499755859375,832.7999877929688,833.3499755859375,14173,833.3499755859375
2024-05-28 09:57:00,833.3499755859375,833.3499755859375,832.4500122070312,832.5499877929688,32132,832.5499877929688
2024-05-28 09:58:00,832.4500122070312,832.7000122070312,832.0,832.0,29029,832.0
2024-05-28 09:59:00,832.1500244140625,833.5,832.0,833.4500122070312,33811,833.4500122070312
2024-05-28 10:00:00,833.4500122070312,835.0,833.4500122070312,834.4500122070312,64366,834.4500122070312
2024-05-28 10:01:00,834.4500122070312,834.4500122070312,833.75,833.8499755859375,29466,833.8499755859375
2024-05-28 10:02:00,833.5999755859375,833.7999877929688,833.0,833.5,30786,833.5
2024-05-28 10:03:00,833.3499755859375,833.7000122070312,833.0,833.7000122070312,21693,833.7000122070312
2024-05-28 10:04:00,833.3499755859375,833.9000244140625,833.3499755859375,833.9000244140625,16949,833.9000244140625
2024-05-28 10:05:00,833.9000244140625,834.0999755859375,833.5999755859375,834.0,23889,834.0
2024-05-28 10:06:00,834.0,834.0499877929688,833.4500122070312,833.75,23516,833.75
2024-05-28 10:07:00,833.5,833.75,832.7999877929688,833.0,22764,833.0
2024-05-28 10:08:00,833.0,833.2000122070312,832.6500244140625,832.9500122070312,15353,832.9500122070312
2024-05-28 10:09:00,832.5999755859375,832.8499755859375,832.2000122070312,832.5999755859375,29956,832.5999755859375
2024-05-28 10:10:00,832.6500244140625,832.6500244140625,832.25,832.4000244140625,28508,832.4000244140625
2024-05-28 10:11:00,832.5499877929688,832.6500244140625,832.0999755859375,832.5,27936,832.5
2024-05-28 10:12:00,832.25,833.0,832.0,833.0,31355,833.0
2024-05-28 10:13:00,832.9500122070312,833.4500122070312,832.6500244140625,832.6500244140625,32883,832.6500244140625
2024-05-28 10:14:00,833.1500244140625,833.3499755859375,832.75,833.2999877929688,16115,833.2999877929688
2024-05-28 10:15:00,833.25,834.0,833.2000122070312,834.0,30260,834.0
2024-05-28 10:16:00,834.0,834.2000122070312,833.4500122070312,833.6500244140625,26409,833.6500244140625
2024-05-28 10:17:00,833.6500244140625,833.9500122070312,833.3499755859375,833.9000244140625,14546,833.9000244140625
2024-05-28 10:18:00,833.5999755859375,834.75,833.3499755859375,834.75,26153,834.75
2024-05-28 10:19:00,834.7999877929688,834.9500122070312,834.1500244140625,834.75,28095,834.75
2024-05-28 10:20:00,834.9000244140625,835.7999877929688,834.7000122070312,835.0999755859375,57582,835.0999755859375
2024-05-28 10:21:00,835.2999877929688,836.0,835.25,835.9500122070312,38212,835.9500122070312
2024-05-28 10:22:00,835.9000244140625,836.4000244140625,835.6500244140625,836.25,39740,836.25
2024-05-28 10:23:00,836.0499877929688,836.2999877929688,835.5,835.5,23784,835.5
2024-05-28 10:24:00,835.75,836.5,835.2999877929688,836.5,25961,836.5
2024-05-28 10:25:00,836.3499755859375,836.5,836.0,836.2000122070312,19043,836.2000122070312
2024-05-28 10:26:00,836.2000122070312,836.3499755859375,835.5,835.7000122070312,26221,835.7000122070312
2024-05-28 10:27:00,835.7000122070312,836.2999877929688,835.4000244140625,836.2999877929688,26374,836.2999877929688
2024-05-28 10:28:00,836.2999877929688,836.5,836.0,836.5,17652,836.5
2024-05-28 10:29:00,836.5,836.6500244140625,836.0,836.0,26367,836.0
2024-05-28 10:30:00,836.0999755859375,836.1500244140625,835.0999755859375,835.6500244140625,24422,835.6500244140625
2024-05-28 10:31:00,835.7000122070312,835.7000122070312,835.0499877929688,835.0999755859375,13112,835.0999755859375
2024-05-28 10:32:00,835.1500244140625,835.7000122070312,835.0,835.5,7538,835.5
2024-05-28 10:33:00,835.5499877929688,835.7000122070312,835.0999755859375,835.2000122070312,12077,835.2000122070312
2024-05-28 10:34:00,835.4500122070312,835.6500244140625,835.0,835.1500244140625,19436,835.1500244140625
2024-05-28 10:35:00,835.2000122070312,835.25,834.2999877929688,834.4000244140625,38310,834.4000244140625
2024-05-28 10:36:00,834.3499755859375,835.5,834.3499755859375,835.0499877929688,31100,835.0499877929688
2024-05-28 10:37:00,835.0499877929688,835.0499877929688,834.5999755859375,835.0,14598,835.0
2024-05-28 10:38:00,835.0,835.2000122070312,834.5,835.0499877929688,11026,835.0499877929688
2024-05-28 10:39:00,835.0999755859375,835.3499755859375,834.75,834.8499755859375,12852,834.8499755859375
2024-05-28 10:40:00,834.9500122070312,835.0999755859375,834.5,834.9000244140625,16312,834.9000244140625
2024-05-28 10:41:00,834.9000244140625,834.9500122070312,834.5,834.6500244140625,15732,834.6500244140625
2024-05-28 10:42:00,834.6500244140625,834.6500244140625,834.0499877929688,834.3499755859375,34573,834.3499755859375
2024-05-28 10:43:00,834.3499755859375,834.5,834.0,834.5,9525,834.5
2024-05-28 10:44:00,834.5,835.0,834.0999755859375,834.9500122070312,28279,834.9500122070312
2024-05-28 10:45:00,834.9500122070312,834.9500122070312,834.3499755859375,834.7000122070312,17386,834.7000122070312
2024-05-28 10:46:00,834.75,834.75,834.0,834.0,18356,834.0
2024-05-28 10:47:00,834.0999755859375,834.2999877929688,833.7999877929688,834.2999877929688,24062,834.2999877929688
2024-05-28 10:48:00,834.2999877929688,834.2999877929688,833.7999877929688,834.2000122070312,18781,834.2000122070312
2024-05-28 10:49:00,834.2999877929688,835.0,834.1500244140625,834.9500122070312,43160,834.9500122070312
2024-05-28 10:50:00,834.9500122070312,834.9500122070312,834.5,834.8499755859375,13211,834.8499755859375
2024-05-28 10:51:00,834.7999877929688,834.7999877929688,834.2000122070312,834.5,14732,834.5
2024-05-28 10:52:00,834.4000244140625,834.7000122070312,834.0499877929688,834.1500244140625,13128,834.1500244140625
2024-05-28 10:53:00,834.1500244140625,834.7000122070312,834.1500244140625,834.5,5194,834.5
2024-05-28 10:54:00,834.5,834.7999877929688,834.5,834.75,7048,834.75
2024-05-28 10:55:00,834.75,835.3499755859375,834.5999755859375,835.3499755859375,24227,835.3499755859375
2024-05-28 10:56:00,835.3499755859375,835.7000122070312,835.0499877929688,835.2999877929688,12789,835.2999877929688
2024-05-28 10:57:00,835.2999877929688,835.2999877929688,834.6500244140625,834.75,10832,834.75
2024-05-28 10:58:00,834.75,835.6500244140625,834.5999755859375,835.2999877929688,60088,835.2999877929688
2024-05-28 10:59:00,835.4000244140625,835.4000244140625,834.9500122070312,835.0,6976,835.0
2024-05-28 11:00:00,835.0,835.3499755859375,834.8499755859375,835.0,8491,835.0
2024-05-28 11:01:00,835.0,835.1500244140625,834.5999755859375,834.6500244140625,9933,834.6500244140625
2024-05-28 11:02:00,834.8499755859375,834.9500122070312,834.6500244140625,834.8499755859375,8665,834.8499755859375
2024-05-28 11:03:00,834.8499755859375,835.25,834.7999877929688,835.25,13084,835.25
2024-05-28 11:04:00,835.2000122070312,835.3499755859375,834.8499755859375,835.0,24052,835.0
2024-05-28 11:05:00,835.0,835.1500244140625,834.8499755859375,834.9500122070312,14469,834.9500122070312
2024-05-28 11:06:00,834.9500122070312,834.9500122070312,833.9000244140625,834.0999755859375,36805,834.0999755859375
2024-05-28 11:07:00,834.1500244140625,834.75,834.0499877929688,834.4500122070312,31622,834.4500122070312
2024-05-28 11:08:00,834.4500122070312,834.9000244140625,834.25,834.7999877929688,41796,834.7999877929688
2024-05-28 11:09:00,834.75,834.9000244140625,834.0999755859375,834.2999877929688,40900,834.2999877929688
2024-05-28 11:10:00,834.4000244140625,834.5499877929688,834.1500244140625,834.3499755859375,25715,834.3499755859375
2024-05-28 11:11:00,834.0999755859375,834.5999755859375,834.0,834.25,8562,834.25
2024-05-28 11:12:00,834.0999755859375,834.4000244140625,833.9500122070312,834.2999877929688,19327,834.2999877929688
2024-05-28 11:13:00,834.0,834.4000244140625,833.9000244140625,834.1500244140625,10411,834.1500244140625
2024-05-28 11:14:00,834.1500244140625,834.6500244140625,834.0499877929688,834.5999755859375,8176,834.5999755859375
2024-05-28 11:15:00,834.5999755859375,834.5999755859375,834.1500244140625,834.3499755859375,14374,834.3499755859375
2024-05-28 11:16:00,834.5,834.7999877929688,834.4000244140625,834.7999877929688,13544,834.7999877929688
2024-05-28 11:17:00,834.7999877929688,835.0,834.2000122070312,834.6500244140625,23563,834.6500244140625
2024-05-28 11:18:00,834.5999755859375,834.7000122070312,834.25,834.4000244140625,10939,834.4000244140625
2024-05-28 11:19:00,834.5499877929688,834.5999755859375,834.0,834.0499877929688,14344,834.0499877929688
2024-05-28 11:20:00,834.0,834.3499755859375,833.7999877929688,834.1500244140625,21659,834.1500244140625
2024-05-28 11:21:00,834.1500244140625,834.5999755859375,834.1500244140625,834.3499755859375,7181,834.3499755859375
2024-05-28 11:22:00,834.3499755859375,834.3499755859375,834.0,834.0499877929688,7339,834.0499877929688
2024-05-28 11:23:00,834.2999877929688,834.2999877929688,833.7999877929688,833.9500122070312,15461,833.9500122070312
2024-05-28 11:24:00,833.9500122070312,833.9500122070312,833.2999877929688,833.5499877929688,44587,833.5499877929688
2024-05-28 11:25:00,833.5499877929688,833.7999877929688,833.1500244140625,833.1500244140625,35025,833.1500244140625
2024-05-28 11:26:00,833.2000122070312,834.0,833.0,834.0,19779,834.0
2024-05-28 11:27:00,833.9500122070312,833.9500122070312,833.0,833.2999877929688,13150,833.2999877929688
2024-05-28 11:28:00,833.0999755859375,833.2000122070312,831.25,831.5,88456,831.5
2024-05-28 11:29:00,831.25,831.6500244140625,828.0499877929688,828.25,220595,828.25
2024-05-28 11:30:00,828.4000244140625,829.7000122070312,827.9500122070312,828.5499877929688,82027,828.5499877929688
2024-05-28 11:31:00,828.5499877929688,828.9500122070312,828.0,828.2000122070312,58302,828.2000122070312
2024-05-28 11:32:00,828.2000122070312,829.1500244140625,828.0,828.2999877929688,47797,828.2999877929688
2024-05-28 11:33:00,828.2999877929688,829.25,828.0499877929688,829.25,36840,829.25
2024-05-28 11:34:00,829.0,829.25,827.9500122070312,828.0,39211,828.0
2024-05-28 11:35:00,828.3499755859375,828.3499755859375,827.7999877929688,828.1500244140625,30878,828.1500244140625
2024-05-28 11:36:00,828.0999755859375,828.4500122070312,827.7999877929688,828.25,33176,828.25
2024-05-28 11:37:00,828.3499755859375,828.3499755859375,824.9000244140625,825.1500244140625,117785,825.1500244140625
2024-05-28 11:38:00,825.0,827.5499877929688,823.4000244140625,827.4500122070312,95231,827.4500122070312
2024-05-28 11:39:00,827.25,828.0,826.4500122070312,827.9500122070312,41460,827.9500122070312
2024-05-28 11:40:00,827.9500122070312,828.2999877929688,827.5,827.8499755859375,51760,827.8499755859375
2024-05-28 11:41:00,827.8499755859375,827.8499755859375,826.7999877929688,827.0999755859375,35571,827.0999755859375
2024-05-28 11:42:00,827.25,827.6500244140625,826.5999755859375,826.75,26030,826.75
2024-05-28 11:43:00,826.4500122070312,827.0999755859375,826.0499877929688,826.75,23829,826.75
2024-05-28 11:44:00,826.9500122070312,827.75,826.6500244140625,827.2999877929688,30579,827.2999877929688
2024-05-28 11:45:00,827.2999877929688,829.0,827.0,828.4000244140625,34411,828.4000244140625
2024-05-28 11:46:00,828.4000244140625,829.4000244140625,828.4000244140625,829.25,33004,829.25
2024-05-28 11:47:00,829.0499877929688,829.4000244140625,828.7000122070312,828.7999877929688,18111,828.7999877929688
2024-05-28 11:48:00,828.7999877929688,830.0,828.75,829.75,30764,829.75
2024-05-28 11:49:00,829.75,829.9500122070312,829.4000244140625,829.5,14657,829.5
2024-05-28 11:50:00,829.7999877929688,830.2000122070312,829.7000122070312,830.0499877929688,60155,830.0499877929688
2024-05-28 11:51:00,830.0499877929688,830.5,829.5,829.7000122070312,43954,829.7000122070312
2024-05-28 11:52:00,829.8499755859375,830.25,829.2000122070312,829.9500122070312,26590,829.9500122070312
2024-05-28 11:53:00,829.9500122070312,829.9500122070312,829.0,829.25,20988,829.25
2024-05-28 11:54:00,829.5999755859375,830.0,829.25,830.0,11099,830.0
2024-05-28 11:55:00,830.0,830.1500244140625,829.7000122070312,830.1500244140625,10570,830.1500244140625
2024-05-28 11:56:00,830.1500244140625,830.1500244140625,828.5999755859375,829.0,39293,829.0
2024-05-28 11:57:00,828.9000244140625,829.5,828.7000122070312,828.7000122070312,44821,828.7000122070312
2024-05-28 11:58:00,828.7999877929688,830.1500244140625,828.5999755859375,830.1500244140625,96559,830.1500244140625
2024-05-28 11:59:00,830.0,830.25,829.5,829.8499755859375,79735,829.8499755859375
2024-05-28 12:00:00,829.9000244140625,830.2000122070312,829.5999755859375,830.2000122070312,15740,830.2000122070312
2024-05-28 12:01:00,830.2000122070312,830.75,830.0499877929688,830.5499877929688,28723,830.5499877929688
2024-05-28 12:02:00,830.5499877929688,831.1500244140625,830.3499755859375,831.0499877929688,63421,831.0499877929688
2024-05-28 12:03:00,831.0499877929688,831.4500122070312,830.4000244140625,830.4000244140625,55311,830.4000244140625
2024-05-28 12:04:00,830.4000244140625,830.75,829.5,830.7000122070312,37480,830.7000122070312
2024-05-28 12:05:00,830.7000122070312,830.9000244140625,830.2000122070312,830.7000122070312,15514,830.7000122070312
2024-05-28 12:06:00,830.4000244140625,831.4000244140625,830.4000244140625,831.2000122070312,62898,831.2000122070312
2024-05-28 12:07:00,831.2000122070312,831.6500244140625,831.0499877929688,831.5,31313,831.5
2024-05-28 12:08:00,831.5499877929688,831.6500244140625,830.75,831.25,18217,831.25
2024-05-28 12:09:00,831.1500244140625,831.5,831.1500244140625,831.5,18674,831.5
2024-05-28 12:10:00,831.5,831.6500244140625,831.25,831.3499755859375,31703,831.3499755859375
2024-05-28 12:11:00,831.3499755859375,831.6500244140625,831.1500244140625,831.5,14959,831.5
2024-05-28 12:12:00,831.5,831.5499877929688,830.4500122070312,830.9500122070312,29134,830.9500122070312
2024-05-28 12:13:00,831.0,831.5,830.9500122070312,831.2999877929688,95111,831.2999877929688
2024-05-28 12:14:00,831.2999877929688,831.2999877929688,828.9500122070312,830.2999877929688,72485,830.2999877929688
2024-05-28 12:15:00,830.25,830.25,829.5,829.5499877929688,19390,829.5499877929688
2024-05-28 12:16:00,829.5499877929688,830.3499755859375,829.25,830.0,26323,830.0
2024-05-28 12:17:00,830.0,830.2000122070312,829.1500244140625,829.5999755859375,37152,829.5999755859375
2024-05-28 12:18:00,829.5999755859375,829.9500122070312,829.0499877929688,829.4500122070312,14755,829.4500122070312
2024-05-28 12:19:00,829.4500122070312,829.5999755859375,828.25,829.0,53228,829.0
2024-05-28 12:20:00,829.0,829.2000122070312,828.6500244140625,828.7999877929688,16367,828.7999877929688
2024-05-28 12:21:00,828.75,829.0999755859375,828.0,829.0,73227,829.0
2024-05-28 12:22:00,829.0,829.4000244140625,828.7999877929688,828.7999877929688,17257,828.7999877929688
2024-05-28 12:23:00,829.0499877929688,829.4500122070312,828.9500122070312,828.9500122070312,25676,828.9500122070312
2024-05-28 12:24:00,828.9500122070312,829.4000244140625,828.25,829.0999755859375,54556,829.0999755859375
2024-05-28 12:25:00,829.1500244140625,830.4000244140625,829.1500244140625,830.4000244140625,31295,830.4000244140625
2024-05-28 12:26:00,830.1500244140625,830.1500244140625,829.7000122070312,830.0999755859375,15569,830.0999755859375
2024-05-28 12:27:00,830.0999755859375,830.4000244140625,829.75,830.0,19272,830.0
2024-05-28 12:28:00,830.1500244140625,830.2000122070312,829.7999877929688,829.7999877929688,8104,829.7999877929688
2024-05-28 12:29:00,830.0,830.0499877929688,829.5,829.8499755859375,25590,829.8499755859375
2024-05-28 12:30:00,829.9000244140625,830.2000122070312,829.7000122070312,830.2000122070312,9906,830.2000122070312
2024-05-28 12:31:00,830.2000122070312,830.25,829.5999755859375,829.9000244140625,13081,829.9000244140625
2024-05-28 12:32:00,829.9500122070312,830.0,829.4500122070312,829.5999755859375,13432,829.5999755859375
2024-05-28 12:33:00,829.75,829.7999877929688,829.3499755859375,829.5499877929688,6870,829.5499877929688
2024-05-28 12:34:00,829.6500244140625,829.6500244140625,828.8499755859375,829.0999755859375,120216,829.0999755859375
2024-05-28 12:35:00,829.0999755859375,829.25,828.3499755859375,828.7999877929688,46241,828.7999877929688
2024-05-28 12:36:00,828.8499755859375,829.0,828.2000122070312,828.4000244140625,17336,828.4000244140625
2024-05-28 12:37:00,828.2999877929688,828.4500122070312,828.0,828.2999877929688,69476,828.2999877929688
2024-05-28 12:38:00,828.2999877929688,828.4500122070312,828.0,828.0,109071,828.0
2024-05-28 12:39:00,828.0,828.25,827.6500244140625,828.0,62289,828.0
2024-05-28 12:40:00,828.0,828.7999877929688,827.7999877929688,828.2999877929688,26829,828.2999877929688
2024-05-28 12:41:00,828.2999877929688,829.0,828.2999877929688,828.9000244140625,17304,828.9000244140625
2024-05-28 12:42:00,828.6500244140625,830.75,828.5,830.5999755859375,57600,830.5999755859375
2024-05-28 12:43:00,830.7000122070312,831.25,830.2999877929688,830.4000244140625,36774,830.4000244140625
2024-05-28 12:44:00,830.0499877929688,830.6500244140625,829.5499877929688,829.8499755859375,11067,829.8499755859375
2024-05-28 12:45:00,829.8499755859375,830.5,829.8499755859375,830.4000244140625,20243,830.4000244140625
2024-05-28 12:46:00,830.4000244140625,830.6500244140625,830.2999877929688,830.5,13394,830.5
2024-05-28 12:47:00,830.4500122070312,830.7999877929688,830.1500244140625,830.5499877929688,10345,830.5499877929688
2024-05-28 12:48:00,830.5499877929688,830.6500244140625,829.7000122070312,829.75,15084,829.75
2024-05-28 12:49:00,830.0,830.25,829.6500244140625,830.0999755859375,9578,830.0999755859375
2024-05-28 12:50:00,830.0999755859375,830.5499877929688,830.0499877929688,830.2000122070312,20232,830.2000122070312
2024-05-28 12:51:00,830.4500122070312,830.8499755859375,830.0,830.5999755859375,11090,830.5999755859375
2024-05-28 12:52:00,830.5999755859375,831.5,830.25,831.2999877929688,44335,831.2999877929688
2024-05-28 12:53:00,831.2999877929688,832.25,831.0,832.0,47731,832.0
2024-05-28 12:54:00,832.0,832.2000122070312,831.25,832.2000122070312,41253,832.2000122070312
2024-05-28 12:55:00,832.2000122070312,832.9000244140625,832.0999755859375,832.9000244140625,20463,832.9000244140625
2024-05-28 12:56:00,832.9000244140625,833.0,832.0999755859375,832.9000244140625,28561,832.9000244140625
2024-05-28 12:57:00,832.9000244140625,832.9000244140625,832.25,832.5999755859375,12260,832.5999755859375
2024-05-28 12:58:00,832.5999755859375,832.9000244140625,832.1500244140625,832.8499755859375,13806,832.8499755859375
2024-05-28 12:59:00,832.8499755859375,832.9000244140625,832.4000244140625,832.5,9136,832.5
2024-05-28 13:00:00,832.5499877929688,832.5499877929688,832.0,832.0999755859375,11372,832.0999755859375
2024-05-28 13:01:00,832.0499877929688,832.5,831.8499755859375,832.5,22149,832.5
2024-05-28 13:02:00,832.5,832.7999877929688,832.0499877929688,832.4000244140625,8084,832.4000244140625
2024-05-28 13:03:00,832.2999877929688,832.5,832.1500244140625,832.5,6999,832.5
2024-05-28 13:04:00,832.4500122070312,832.7999877929688,832.2000122070312,832.75,22297,832.75
2024-05-28 13:05:00,832.7999877929688,833.3499755859375,832.6500244140625,833.2999877929688,30447,833.2999877929688
2024-05-28 13:06:00,833.1500244140625,833.5999755859375,833.1500244140625,833.5999755859375,17011,833.5999755859375
2024-05-28 13:07:00,833.6500244140625,833.9000244140625,833.5,833.75,14916,833.75
2024-05-28 13:08:00,833.5,833.7999877929688,833.4500122070312,833.5,18628,833.5
2024-05-28 13:09:00,833.5499877929688,833.75,833.0,833.0,24323,833.0
2024-05-28 13:10:00,833.2000122070312,833.2000122070312,832.4500122070312,832.8499755859375,18577,832.8499755859375
2024-05-28 13:11:00,832.5499877929688,833.3499755859375,832.5,833.1500244140625,11939,833.1500244140625
2024-05-28 13:12:00,833.2000122070312,833.2000122070312,832.5,832.8499755859375,6572,832.8499755859375
2024-05-28 13:13:00,832.8499755859375,832.9000244140625,832.4500122070312,832.6500244140625,8118,832.6500244140625
2024-05-28 13:14:00,832.5,832.9500122070312,832.4500122070312,832.7999877929688,6601,832.7999877929688
2024-05-28 13:15:00,832.7999877929688,832.9500122070312,832.4500122070312,832.75,9986,832.75
2024-05-28 13:16:00,832.75,832.7999877929688,832.25,832.5,14785,832.5
2024-05-28 13:17:00,832.5,832.6500244140625,832.2000122070312,832.5,13265,832.5
2024-05-28 13:18:00,832.5,832.7999877929688,832.2999877929688,832.75,10216,832.75
2024-05-28 13:19:00,832.75,832.7999877929688,832.6500244140625,832.7999877929688,6297,832.7999877929688
2024-05-28 13:20:00,832.7999877929688,833.0,832.75,833.0,4157,833.0
2024-05-28 13:21:00,833.0,833.25,832.7999877929688,833.25,13525,833.25
2024-05-28 13:22:00,833.25,833.4500122070312,833.0499877929688,833.2000122070312,9783,833.2000122070312
2024-05-28 13:23:00,833.2999877929688,833.3499755859375,832.2000122070312,832.4500122070312,11647,832.4500122070312
2024-05-28 13:24:00,832.5,833.0,832.2000122070312,832.9500122070312,10896,832.9500122070312
2024-05-28 13:25:00,833.0,833.4000244140625,832.9500122070312,833.4000244140625,17257,833.4000244140625
2024-05-28 13:26:00,833.5,833.6500244140625,833.2999877929688,833.4500122070312,19047,833.4500122070312
2024-05-28 13:27:00,833.5,833.75,833.2000122070312,833.75,15181,833.75
2024-05-28 13:28:00,833.75,834.0,833.7000122070312,833.7000122070312,47976,833.7000122070312
2024-05-28 13:29:00,833.7000122070312,833.9000244140625,833.2999877929688,833.4500122070312,23505,833.4500122070312
2024-05-28 13:30:00,833.5499877929688,833.9000244140625,833.5,833.7000122070312,22998,833.7000122070312
2024-05-28 13:31:00,833.5999755859375,834.0,833.5,833.5999755859375,19457,833.5999755859375
2024-05-28 13:32:00,833.5999755859375,833.5999755859375,831.7000122070312,831.8499755859375,36614,831.8499755859375
2024-05-28 13:33:00,831.7000122070312,832.0499877929688,831.2999877929688,831.5499877929688,19285,831.5499877929688
2024-05-28 13:34:00,831.5999755859375,831.9000244140625,831.25,831.2999877929688,18085,831.2999877929688
2024-05-28 13:35:00,831.2999877929688,831.5,831.1500244140625,831.4000244140625,20745,831.4000244140625
2024-05-28 13:36:00,831.4000244140625,831.5499877929688,831.0999755859375,831.25,42907,831.25
2024-05-28 13:37:00,831.3499755859375,832.25,831.25,831.9000244140625,23435,831.9000244140625
2024-05-28 13:38:00,831.9500122070312,832.5999755859375,831.7999877929688,832.5,20633,832.5
2024-05-28 13:39:00,832.5,832.7000122070312,832.3499755859375,832.5999755859375,16292,832.5999755859375
2024-05-28 13:40:00,832.5499877929688,832.7000122070312,832.2999877929688,832.5499877929688,21568,832.5499877929688
2024-05-28 13:41:00,832.5499877929688,832.5499877929688,831.2999877929688,831.5,15496,831.5
2024-05-28 13:42:00,831.5999755859375,831.7999877929688,831.5,831.7999877929688,26294,831.7999877929688
2024-05-28 13:43:00,831.7999877929688,833.2000122070312,831.75,832.9000244140625,41222,832.9000244140625
2024-05-28 13:44:00,832.7999877929688,833.2000122070312,832.5999755859375,833.1500244140625,24651,833.1500244140625
2024-05-28 13:45:00,833.1500244140625,833.7000122070312,833.0,833.4500122070312,15499,833.4500122070312
2024-05-28 13:46:00,833.7000122070312,833.7000122070312,833.0499877929688,833.2000122070312,14953,833.2000122070312
2024-05-28 13:47:00,833.2000122070312,833.5,833.1500244140625,833.5,16448,833.5
2024-05-28 13:48:00,833.5,833.5,833.0,833.0,23735,833.0
2024-05-28 13:49:00,833.0999755859375,833.2999877929688,832.6500244140625,833.0,13297,833.0
2024-05-28 13:50:00,833.2000122070312,833.2999877929688,832.8499755859375,833.0,34780,833.0
2024-05-28 13:51:00,833.0,833.2999877929688,833.0,833.2000122070312,21972,833.2000122070312
2024-05-28 13:52:00,833.2000122070312,833.25,833.1500244140625,833.25,9990,833.25
2024-05-28 13:53:00,833.25,833.2999877929688,832.7999877929688,833.1500244140625,15325,833.1500244140625
2024-05-28 13:54:00,833.1500244140625,833.2000122070312,833.0,833.2000122070312,16291,833.2000122070312
2024-05-28 13:55:00,833.2000122070312,833.25,832.9500122070312,833.0499877929688,76606,833.0499877929688
2024-05-28 13:56:00,833.0999755859375,833.2000122070312,832.7000122070312,832.8499755859375,13041,832.8499755859375
2024-05-28 13:57:00,832.75,833.0,832.25,832.4500122070312,14139,832.4500122070312
2024-05-28 13:58:00,832.4500122070312,832.9000244140625,832.25,832.2999877929688,13304,832.2999877929688
2024-05-28 13:59:00,832.3499755859375,832.5499877929688,832.0499877929688,832.25,33718,832.25
2024-05-28 14:00:00,832.2999877929688,832.5,831.8499755859375,832.3499755859375,26376,832.3499755859375
2024-05-28 14:01:00,832.3499755859375,832.9000244140625,832.0999755859375,832.8499755859375,31256,832.8499755859375
2024-05-28 14:02:00,832.5999755859375,833.2000122070312,832.5999755859375,833.1500244140625,40824,833.1500244140625
2024-05-28 14:03:00,833.0999755859375,833.1500244140625,832.0499877929688,832.2000122070312,20932,832.2000122070312
2024-05-28 14:04:00,832.1500244140625,832.5499877929688,832.1500244140625,832.3499755859375,11377,832.3499755859375
2024-05-28 14:05:00,832.4500122070312,832.75,832.0,832.75,23149,832.75
2024-05-28 14:06:00,832.75,833.2000122070312,832.5,832.5,56292,832.5
2024-05-28 14:07:00,832.5499877929688,832.6500244140625,832.0,832.5999755859375,35541,832.5999755859375
2024-05-28 14:08:00,832.5499877929688,832.5499877929688,831.75,831.9500122070312,15266,831.9500122070312
2024-05-28 14:09:00,831.9500122070312,832.0999755859375,831.5999755859375,831.9500122070312,18187,831.9500122070312
2024-05-28 14:10:00,832.0999755859375,832.6500244140625,831.9500122070312,832.6500244140625,14147,832.6500244140625
2024-05-28 14:11:00,832.7000122070312,832.9000244140625,832.4000244140625,832.7000122070312,11580,832.7000122070312
2024-05-28 14:12:00,832.5999755859375,832.9500122070312,832.25,832.7999877929688,71988,832.7999877929688
2024-05-28 14:13:00,832.5,833.0499877929688,832.5,832.5499877929688,33755,832.5499877929688
2024-05-28 14:14:00,832.7999877929688,832.9500122070312,832.25,832.5,33900,832.5
2024-05-28 14:15:00,832.4500122070312,832.5499877929688,832.0999755859375,832.5,9764,832.5
2024-05-28 14:16:00,832.4500122070312,833.25,832.4500122070312,833.2000122070312,23002,833.2000122070312
2024-05-28 14:17:00,833.2000122070312,833.2999877929688,833.0,833.2999877929688,14093,833.2999877929688
2024-05-28 14:18:00,833.2999877929688,833.5,833.0999755859375,833.25,45125,833.25
2024-05-28 14:19:00,833.3499755859375,833.4500122070312,833.0,833.3499755859375,23634,833.3499755859375
2024-05-28 14:20:00,833.3499755859375,833.5,833.0499877929688,833.0999755859375,14995,833.0999755859375
2024-05-28 14:21:00,833.2999877929688,833.4000244140625,832.9000244140625,832.9000244140625,101414,832.9000244140625
2024-05-28 14:22:00,832.7999877929688,833.0499877929688,832.4500122070312,832.6500244140625,15954,832.6500244140625
2024-05-28 14:23:00,832.8499755859375,833.0,832.6500244140625,832.9500122070312,12604,832.9500122070312
2024-05-28 14:24:00,832.9000244140625,833.25,832.9000244140625,833.25,15602,833.25
2024-05-28 14:25:00,833.25,833.4500122070312,833.0,833.0999755859375,9568,833.0999755859375
2024-05-28 14:26:00,833.3499755859375,833.3499755859375,832.75,833.2000122070312,23221,833.2000122070312
2024-05-28 14:27:00,833.2000122070312,833.5,833.0,833.3499755859375,121685,833.3499755859375
2024-05-28 14:28:00,833.4000244140625,833.4000244140625,832.5,832.6500244140625,933641,832.6500244140625
2024-05-28 14:29:00,832.7999877929688,833.0,832.4000244140625,832.9500122070312,12188,832.9500122070312
2024-05-28 14:30:00,832.9500122070312,833.0999755859375,832.5,832.6500244140625,11790,832.6500244140625
2024-05-28 14:31:00,832.6500244140625,833.0499877929688,832.5499877929688,832.9000244140625,27607,832.9000244140625
2024-05-28 14:32:00,832.9000244140625,833.0999755859375,832.4500122070312,832.4500122070312,43336,832.4500122070312
2024-05-28 14:33:00,832.4000244140625,833.0,832.0999755859375,832.2999877929688,37873,832.2999877929688
2024-05-28 14:34:00,832.25,832.4500122070312,831.75,831.7999877929688,39896,831.7999877929688
2024-05-28 14:35:00,832.1500244140625,832.25,831.75,831.9000244140625,19828,831.9000244140625
2024-05-28 14:36:00,831.9500122070312,832.2000122070312,831.6500244140625,831.9500122070312,21643,831.9500122070312
2024-05-28 14:37:00,832.0,832.25,831.75,832.0,16833,832.0
2024-05-28 14:38:00,832.1500244140625,832.7000122070312,832.0499877929688,832.2000122070312,41609,832.2000122070312
2024-05-28 14:39:00,832.0,832.1500244140625,831.3499755859375,831.6500244140625,77970,831.6500244140625
2024-05-28 14:40:00,831.5999755859375,832.2000122070312,831.5499877929688,832.0499877929688,23068,832.0499877929688
2024-05-28 14:41:00,832.0499877929688,832.7999877929688,832.0,832.3499755859375,16189,832.3499755859375
2024-05-28 14:42:00,832.5,832.75,832.0999755859375,832.2999877929688,21536,832.2999877929688
2024-05-28 14:43:00,832.2999877929688,832.5,831.7999877929688,832.0999755859375,16879,832.0999755859375
2024-05-28 14:44:00,831.9500122070312,832.0999755859375,831.5,831.5999755859375,21386,831.5999755859375
2024-05-28 14:45:00,831.6500244140625,831.7999877929688,831.2000122070312,831.2000122070312,20730,831.2000122070312
2024-05-28 14:46:00,831.3499755859375,831.4500122070312,830.8499755859375,831.1500244140625,50642,831.1500244140625
2024-05-28 14:47:00,831.0,831.5499877929688,831.0,831.2000122070312,23829,831.2000122070312
2024-05-28 14:48:00,831.25,831.5999755859375,831.0999755859375,831.4000244140625,19121,831.4000244140625
2024-05-28 14:49:00,831.3499755859375,831.5999755859375,831.2000122070312,831.2999877929688,14739,831.2999877929688
2024-05-28 14:50:00,831.3499755859375,831.9000244140625,830.4500122070312,831.4000244140625,46813,831.4000244140625
2024-05-28 14:51:00,830.8499755859375,832.5999755859375,830.8499755859375,831.4500122070312,55797,831.4500122070312
2024-05-28 14:52:00,832.0,833.0,831.7000122070312,832.0,43305,832.0
2024-05-28 14:53:00,832.0999755859375,832.2000122070312,831.5999755859375,832.0,19030,832.0
2024-05-28 14:54:00,832.0499877929688,832.7000122070312,831.9000244140625,832.2999877929688,25499,832.2999877929688
2024-05-28 14:55:00,832.4000244140625,832.5999755859375,831.9000244140625,832.0,28728,832.0
2024-05-28 14:56:00,831.7999877929688,832.3499755859375,831.7999877929688,832.0999755859375,17121,832.0999755859375
2024-05-28 14:57:00,832.0,832.5999755859375,831.7999877929688,831.7999877929688,27031,831.7999877929688
2024-05-28 14:58:00,831.9500122070312,831.9500122070312,831.25,831.4500122070312,18268,831.4500122070312
2024-05-28 14:59:00,831.4500122070312,832.0,831.1500244140625,831.2999877929688,24163,831.2999877929688
2024-05-28 15:00:00,831.2000122070312,831.6500244140625,830.4000244140625,830.8499755859375,51930,830.8499755859375
2024-05-28 15:01:00,830.8499755859375,831.5,830.7000122070312,831.0999755859375,50927,831.0999755859375
2024-05-28 15:02:00,830.9000244140625,831.5,830.6500244140625,831.5,97306,831.5
2024-05-28 15:03:00,831.4500122070312,832.5,830.75,830.9000244140625,116387,830.9000244140625
2024-05-28 15:04:00,831.0,832.0,830.9000244140625,831.2000122070312,82172,831.2000122070312
2024-05-28 15:05:00,831.2999877929688,832.0,831.0499877929688,831.75,104706,831.75
2024-05-28 15:06:00,831.7999877929688,832.25,831.0999755859375,831.0999755859375,95298,831.0999755859375
2024-05-28 15:07:00,831.0999755859375,831.6500244140625,830.7999877929688,831.3499755859375,73422,831.3499755859375
2024-05-28 15:08:00,831.5499877929688,832.25,831.0999755859375,832.0,85434,832.0
2024-05-28 15:09:00,832.0999755859375,832.0999755859375,831.4500122070312,831.5999755859375,63071,831.5999755859375
2024-05-28 15:10:00,831.5999755859375,831.9000244140625,831.2999877929688,831.6500244140625,58734,831.6500244140625
2024-05-28 15:11:00,831.5,831.8499755859375,831.2999877929688,831.5499877929688,65408,831.5499877929688
2024-05-28 15:12:00,831.5499877929688,831.9000244140625,831.25,831.4500122070312,62758,831.4500122070312
2024-05-28 15:13:00,831.5999755859375,831.9500122070312,831.4000244140625,831.6500244140625,77906,831.6500244140625
2024-05-28 15:14:00,831.6500244140625,832.1500244140625,831.5999755859375,832.0,109628,832.0
2024-05-28 15:15:00,831.9500122070312,832.2000122070312,831.4500122070312,831.6500244140625,85048,831.6500244140625
2024-05-28 15:16:00,831.5999755859375,831.8499755859375,831.1500244140625,831.5,63213,831.5
2024-05-28 15:17:00,831.4500122070312,831.9000244140625,831.2000122070312,831.2999877929688,60437,831.2999877929688
2024-05-28 15:18:00,831.4000244140625,831.9000244140625,831.1500244140625,831.2999877929688,104095,831.2999877929688
2024-05-28 15:19:00,831.5,831.75,831.0,831.0499877929688,68681,831.0499877929688
2024-05-28 15:20:00,831.0999755859375,831.4000244140625,830.5,831.0,114486,831.0
2024-05-28 15:21:00,830.8499755859375,831.0499877929688,830.0499877929688,830.4500122070312,67746,830.4500122070312
2024-05-28 15:22:00,830.5,830.75,830.0499877929688,830.1500244140625,96692,830.1500244140625
2024-05-28 15:23:00,830.1500244140625,830.2999877929688,829.5,830.0,83608,830.0
2024-05-28 15:24:00,830.0,830.2000122070312,829.5,829.9500122070312,59762,829.9500122070312
2024-05-28 15:25:00,829.9500122070312,830.1500244140625,829.5999755859375,829.9000244140625,75906,829.9000244140625
2024-05-28 15:26:00,830.0,830.3499755859375,829.25,830.3499755859375,55699,830.3499755859375
2024-05-28 15:27:00,830.4000244140625,830.4000244140625,829.2999877929688,829.9500122070312,36358,829.9500122070312
2024-05-28 15:28:00,830.25,830.3499755859375,829.0999755859375,829.75,66169,829.75
2024-05-28 15:29:00,829.1500244140625,830.9000244140625,829.1500244140625,830.4500122070312,24101,830.4500122070312
